Title,Subtitle,Description
Card Title, Card Substitle,omg <b>card description</b> omg<br/><br/>omg <i>ok</i>
Card Title, Card Substitle,omg <b>card description</b> omg<br/><br/>omg <i>ok</i>
Card Title, Card Substitle,omg <b>card description</b> omg<br/><br/>omg <i>ok</i>
Card Title, Card Substitle,omg <b>card description</b> omg<br/><br/>omg <i>ok</i>
Card Title, Card Substitle,omg <b>card description</b> omg<br/><br/>omg <i>ok</i>
Card Title, Card Substitle,omg <b>card description</b> omg<br/><br/>omg <i>ok</i>
Card Title, Card Substitle,omg <b>card description</b> omg<br/><br/>omg <i>ok</i>
Card Title, Card Substitle,omg <b>card description</b> omg<br/><br/>omg <i>ok</i>
Card Title, Card Substitle,omg <b>card description</b> omg<br/><br/>omg <i>ok</i>
Card Title, Card Substitle,omg <b>card description</b> omg<br/><br/>omg <i>ok</i>
Card Title, Card Substitle,omg <b>card description</b> omg<br/><br/>omg <i>ok</i>
Card Title, Card Substitle,omg <b>card description</b> omg<br/><br/>omg <i>ok</i>
Card Title, Card Substitle,omg <b>card description</b> omg<br/><br/>omg <i>ok</i>
Card Title, Card Substitle,omg <b>card description</b> omg<br/><br/>omg <i>ok</i>
Card Title, Card Substitle,omg <b>card description</b> omg<br/><br/>omg <i>ok</i>
Card Title, Card Substitle,omg <b>card description</b> omg<br/><br/>omg <i>ok</i>
Card Title, Card Substitle,omg <b>card description</b> omg<br/><br/>omg <i>ok</i>
